"Validation Configuration ID","Configuration ","Sample Call String"
"1","-x1 '9.656479793493984' -x2 '2.9421411006220524'","python example_scenarios/branin/branin.py no_instance 0 1.7976931348623157E308 2147483647 -1 -x1 '9.656479793493984' -x2 '2.9421411006220524' "
